# -------------------------------------------------------
# App: com.hijiyam_koubou.marasongs, date: 20140517-20140617
# -------------------------------------------------------

date,device,daily_avg_rating,total_avg_rating
20140617,Motorola XT627 (umts_irock),0.0,5.0
20140617,Huawei 201HW (hwu9201L),0.0,5.0
20140617,Sony Ericsson Xperia Acro (SO-02C),0.0,5.0
20140617,SHARP AQUOS PHONE CL IS17SH (SHI17),0.0,1.0
20140616,Motorola XT627 (umts_irock),0.0,5.0
20140616,Huawei 201HW (hwu9201L),0.0,5.0
20140616,Sony Ericsson Xperia Acro (SO-02C),0.0,5.0
20140616,SHARP AQUOS PHONE CL IS17SH (SHI17),0.0,1.0
20140615,Motorola XT627 (umts_irock),0.0,5.0
20140615,Huawei 201HW (hwu9201L),0.0,5.0
20140615,Sony Ericsson Xperia Acro (SO-02C),0.0,5.0
20140615,SHARP AQUOS PHONE CL IS17SH (SHI17),0.0,1.0
20140614,Motorola XT627 (umts_irock),0.0,5.0
20140614,Huawei 201HW (hwu9201L),0.0,5.0
20140614,Sony Ericsson Xperia Acro (SO-02C),0.0,5.0
20140614,SHARP AQUOS PHONE CL IS17SH (SHI17),0.0,1.0
20140613,Motorola XT627 (umts_irock),0.0,5.0
20140613,Huawei 201HW (hwu9201L),0.0,5.0
20140613,Sony Ericsson Xperia Acro (SO-02C),0.0,5.0
20140613,SHARP AQUOS PHONE CL IS17SH (SHI17),0.0,1.0
20140612,Motorola XT627 (umts_irock),0.0,5.0
20140612,Huawei 201HW (hwu9201L),0.0,5.0
20140612,Sony Ericsson Xperia Acro (SO-02C),0.0,5.0
20140612,SHARP AQUOS PHONE CL IS17SH (SHI17),0.0,1.0
20140611,Motorola XT627 (umts_irock),0.0,5.0
20140611,Huawei 201HW (hwu9201L),0.0,5.0
20140611,Sony Ericsson Xperia Acro (SO-02C),0.0,5.0
20140611,SHARP AQUOS PHONE CL IS17SH (SHI17),0.0,1.0
20140610,Motorola XT627 (umts_irock),0.0,5.0
20140610,Huawei 201HW (hwu9201L),0.0,5.0
20140610,Sony Ericsson Xperia Acro (SO-02C),0.0,5.0
20140610,SHARP AQUOS PHONE CL IS17SH (SHI17),0.0,1.0
20140609,Motorola XT627 (umts_irock),0.0,5.0
20140609,Huawei 201HW (hwu9201L),0.0,5.0
20140609,Sony Ericsson Xperia Acro (SO-02C),0.0,5.0
20140609,SHARP AQUOS PHONE CL IS17SH (SHI17),0.0,1.0
20140608,Motorola XT627 (umts_irock),0.0,5.0
20140608,Huawei 201HW (hwu9201L),0.0,5.0
20140608,Sony Ericsson Xperia Acro (SO-02C),0.0,5.0
20140608,SHARP AQUOS PHONE CL IS17SH (SHI17),0.0,1.0
20140607,Motorola XT627 (umts_irock),0.0,5.0
20140607,Huawei 201HW (hwu9201L),0.0,5.0
20140607,Sony Ericsson Xperia Acro (SO-02C),0.0,5.0
20140607,SHARP AQUOS PHONE CL IS17SH (SHI17),0.0,1.0
20140606,Motorola XT627 (umts_irock),0.0,5.0
20140606,Huawei 201HW (hwu9201L),0.0,5.0
20140606,Sony Ericsson Xperia Acro (SO-02C),0.0,5.0
20140606,SHARP AQUOS PHONE CL IS17SH (SHI17),0.0,1.0
20140605,Motorola XT627 (umts_irock),0.0,5.0
20140605,Huawei 201HW (hwu9201L),0.0,5.0
20140605,Sony Ericsson Xperia Acro (SO-02C),0.0,5.0
20140605,SHARP AQUOS PHONE CL IS17SH (SHI17),0.0,1.0
20140604,Motorola XT627 (umts_irock),0.0,5.0
20140604,Huawei 201HW (hwu9201L),0.0,5.0
20140604,Sony Ericsson Xperia Acro (SO-02C),0.0,5.0
20140604,SHARP AQUOS PHONE CL IS17SH (SHI17),0.0,1.0
20140603,Motorola XT627 (umts_irock),0.0,5.0
20140603,Huawei 201HW (hwu9201L),0.0,5.0
20140603,Sony Ericsson Xperia Acro (SO-02C),0.0,5.0
20140603,SHARP AQUOS PHONE CL IS17SH (SHI17),0.0,1.0
20140602,Motorola XT627 (umts_irock),0.0,5.0
20140602,Huawei 201HW (hwu9201L),0.0,5.0
20140602,Sony Ericsson Xperia Acro (SO-02C),0.0,5.0
20140602,SHARP AQUOS PHONE CL IS17SH (SHI17),0.0,1.0
20140601,Motorola XT627 (umts_irock),0.0,5.0
20140601,Huawei 201HW (hwu9201L),0.0,5.0
20140601,Sony Ericsson Xperia Acro (SO-02C),0.0,5.0
20140601,SHARP AQUOS PHONE CL IS17SH (SHI17),0.0,1.0
20140531,Motorola XT627 (umts_irock),0.0,5.0
20140531,Huawei 201HW (hwu9201L),0.0,5.0
20140531,Sony Ericsson Xperia Acro (SO-02C),0.0,5.0
20140531,SHARP AQUOS PHONE CL IS17SH (SHI17),0.0,1.0
20140530,Motorola XT627 (umts_irock),0.0,5.0
20140530,Huawei 201HW (hwu9201L),0.0,5.0
20140530,Sony Ericsson Xperia Acro (SO-02C),0.0,5.0
20140530,SHARP AQUOS PHONE CL IS17SH (SHI17),0.0,1.0
20140529,Motorola XT627 (umts_irock),0.0,5.0
20140529,Huawei 201HW (hwu9201L),0.0,5.0
20140529,Sony Ericsson Xperia Acro (SO-02C),0.0,5.0
20140529,SHARP AQUOS PHONE CL IS17SH (SHI17),0.0,1.0
20140528,Motorola XT627 (umts_irock),0.0,5.0
20140528,Huawei 201HW (hwu9201L),0.0,5.0
20140528,Sony Ericsson Xperia Acro (SO-02C),0.0,5.0
20140528,SHARP AQUOS PHONE CL IS17SH (SHI17),0.0,1.0
20140527,Motorola XT627 (umts_irock),0.0,5.0
20140527,Huawei 201HW (hwu9201L),0.0,5.0
20140527,Sony Ericsson Xperia Acro (SO-02C),0.0,5.0
20140527,SHARP AQUOS PHONE CL IS17SH (SHI17),0.0,1.0
20140526,Motorola XT627 (umts_irock),0.0,5.0
20140526,Huawei 201HW (hwu9201L),0.0,5.0
20140526,Sony Ericsson Xperia Acro (SO-02C),0.0,5.0
20140526,SHARP AQUOS PHONE CL IS17SH (SHI17),0.0,1.0
20140525,Motorola XT627 (umts_irock),0.0,5.0
20140525,Huawei 201HW (hwu9201L),0.0,5.0
20140525,Sony Ericsson Xperia Acro (SO-02C),0.0,5.0
20140525,SHARP AQUOS PHONE CL IS17SH (SHI17),0.0,1.0
20140524,Motorola XT627 (umts_irock),0.0,5.0
20140524,Huawei 201HW (hwu9201L),0.0,5.0
20140524,Sony Ericsson Xperia Acro (SO-02C),0.0,5.0
20140524,SHARP AQUOS PHONE CL IS17SH (SHI17),0.0,1.0
20140523,Motorola XT627 (umts_irock),0.0,5.0
20140523,Huawei 201HW (hwu9201L),0.0,5.0
20140523,Sony Ericsson Xperia Acro (SO-02C),0.0,5.0
20140523,SHARP AQUOS PHONE CL IS17SH (SHI17),0.0,1.0
20140522,Motorola XT627 (umts_irock),0.0,5.0
20140522,Huawei 201HW (hwu9201L),0.0,5.0
20140522,Sony Ericsson Xperia Acro (SO-02C),0.0,5.0
20140522,SHARP AQUOS PHONE CL IS17SH (SHI17),0.0,1.0
20140521,Motorola XT627 (umts_irock),0.0,5.0
20140521,Huawei 201HW (hwu9201L),0.0,5.0
20140521,Sony Ericsson Xperia Acro (SO-02C),0.0,5.0
20140521,SHARP AQUOS PHONE CL IS17SH (SHI17),0.0,1.0
20140520,Motorola XT627 (umts_irock),0.0,5.0
20140520,Huawei 201HW (hwu9201L),0.0,5.0
20140520,Sony Ericsson Xperia Acro (SO-02C),0.0,5.0
20140520,SHARP AQUOS PHONE CL IS17SH (SHI17),0.0,1.0
20140519,Motorola XT627 (umts_irock),0.0,5.0
20140519,Huawei 201HW (hwu9201L),0.0,5.0
20140519,Sony Ericsson Xperia Acro (SO-02C),0.0,5.0
20140519,SHARP AQUOS PHONE CL IS17SH (SHI17),0.0,1.0
20140518,Motorola XT627 (umts_irock),0.0,5.0
20140518,Huawei 201HW (hwu9201L),0.0,5.0
20140518,Sony Ericsson Xperia Acro (SO-02C),0.0,5.0
20140518,SHARP AQUOS PHONE CL IS17SH (SHI17),0.0,1.0
20140517,Motorola XT627 (umts_irock),0.0,5.0
20140517,Huawei 201HW (hwu9201L),0.0,5.0
20140517,Sony Ericsson Xperia Acro (SO-02C),0.0,5.0
20140517,SHARP AQUOS PHONE CL IS17SH (SHI17),0.0,1.0
