# -------------------------------------------------------
# App: com.hijiyam_koubou.marasongs, date: 20140517-20140617
# -------------------------------------------------------

date,carrier,current_device_installs,daily_device_installs,daily_device_uninstalls,daily_device_upgrades,current_user_installs,total_user_installs,daily_user_installs,daily_user_uninstalls
20140617,eMobile,4,0,0,0,4,6,0,0
20140617,dtac ,0,0,0,0,0,1,0,0
20140617,au,19,1,1,0,19,147,1,1
20140617,Vodafone - GB,1,0,0,0,1,2,0,0
20140617,Virgin Mobile,1,0,0,0,1,1,0,0
20140617,Viettel,0,0,0,0,0,1,0,0
20140617,UNKNOWN,27,0,0,0,27,117,0,0
20140617,Telefónica Móvil,0,0,0,0,0,1,0,0
20140617,TELCEL,0,0,0,0,0,2,0,0
20140617,TATA DOCOMO,0,0,0,0,0,1,0,0
20140617,T-Mobile - US,0,0,0,0,0,1,0,0
20140617,Sprint,0,0,0,0,0,1,0,0
20140617,SoftBank,13,0,0,0,13,93,0,0
20140617,Satelindo,0,0,0,0,0,1,0,0
20140617,SFR,0,0,0,0,0,1,0,0
20140617,Optus,0,0,0,0,0,1,0,0
20140617,Oman Mobile Telecommunications Company (Oman Mobile),0,0,0,0,0,1,0,0
20140617,NTT DOCOMO,40,0,0,0,39,325,0,0
20140617,Mobile Telephone Networks,0,0,0,0,0,1,0,0
20140617,MetroPCS,0,0,0,0,0,1,0,0
20140617,Irancell,0,0,0,0,0,1,0,0
20140617,Idea Cellular Ltd.,0,0,0,0,0,1,0,0
20140617,Far EasTone Telecommunications,0,0,0,0,0,1,0,0
20140617,Etihad Etisalat Company (Mobily),0,0,0,0,0,1,0,0
20140617,Escotel Mobile Communications Pvt Ltd.,0,0,0,0,0,1,0,0
20140617,Escorts Telecom Ltd.,0,0,0,0,0,1,0,0
20140617,China Mobile,0,0,0,0,0,1,0,0
20140617,Alfa,0,0,0,0,0,1,0,0
20140617,AT&T,0,0,0,0,0,1,0,0
20140617,AIS 3G,0,0,0,0,0,1,0,0
20140616,eMobile,4,0,0,0,4,6,0,0
20140616,dtac ,0,0,0,0,0,1,0,0
20140616,au,19,1,1,0,19,145,1,1
20140616,Vodafone - GB,1,0,0,0,1,2,0,0
20140616,Virgin Mobile,1,0,0,0,1,1,0,0
20140616,Viettel,0,0,0,0,0,1,0,0
20140616,UNKNOWN,27,1,1,0,27,116,1,1
20140616,Telefónica Móvil,0,0,0,0,0,1,0,0
20140616,TELCEL,0,0,0,0,0,2,0,0
20140616,TATA DOCOMO,0,0,0,0,0,1,0,0
20140616,T-Mobile - US,0,0,0,0,0,1,0,0
20140616,Sprint,0,0,0,0,0,1,0,0
20140616,SoftBank,13,0,0,0,13,94,0,0
20140616,Satelindo,0,0,0,0,0,1,0,0
20140616,SFR,0,0,0,0,0,1,0,0
20140616,Optus,0,0,0,0,0,1,0,0
20140616,Oman Mobile Telecommunications Company (Oman Mobile),0,0,0,0,0,1,0,0
20140616,NTT DOCOMO,40,1,1,0,39,326,1,1
20140616,Mobile Telephone Networks,0,0,0,0,0,1,0,0
20140616,MetroPCS,0,0,0,0,0,1,0,0
20140616,Irancell,0,0,0,0,0,1,0,0
20140616,Idea Cellular Ltd.,0,0,0,0,0,1,0,0
20140616,Far EasTone Telecommunications,0,0,0,0,0,1,0,0
20140616,Etihad Etisalat Company (Mobily),0,0,0,0,0,1,0,0
20140616,Escotel Mobile Communications Pvt Ltd.,0,0,0,0,0,1,0,0
20140616,Escorts Telecom Ltd.,0,0,0,0,0,1,0,0
20140616,China Mobile,0,0,0,0,0,1,0,0
20140616,Alfa,0,0,0,0,0,1,0,0
20140616,AT&T,0,0,0,0,0,1,0,0
20140616,AIS 3G,0,0,0,0,0,1,0,0
20140615,eMobile,4,0,0,0,4,6,0,0
20140615,dtac ,0,0,0,0,0,1,0,0
20140615,au,19,0,0,0,19,145,0,0
20140615,Vodafone - GB,1,0,0,0,1,2,0,0
20140615,Virgin Mobile,1,0,0,0,1,1,0,0
20140615,Viettel,0,0,0,0,0,1,0,0
20140615,UNKNOWN,27,0,0,0,27,114,0,0
20140615,Telefónica Móvil,0,0,0,0,0,1,0,0
20140615,TELCEL,0,0,0,0,0,2,0,0
20140615,TATA DOCOMO,0,0,0,0,0,1,0,0
20140615,T-Mobile - US,0,0,0,0,0,1,0,0
20140615,Sprint,0,0,0,0,0,1,0,0
20140615,SoftBank,13,0,1,0,13,94,0,1
20140615,Satelindo,0,0,0,0,0,1,0,0
20140615,SFR,0,0,0,0,0,1,0,0
20140615,Optus,0,0,0,0,0,1,0,0
20140615,Oman Mobile Telecommunications Company (Oman Mobile),0,0,0,0,0,1,0,0
20140615,NTT DOCOMO,40,0,0,0,39,325,0,0
20140615,Mobile Telephone Networks,0,0,0,0,0,1,0,0
20140615,MetroPCS,0,0,0,0,0,1,0,0
20140615,Irancell,0,0,0,0,0,1,0,0
20140615,Idea Cellular Ltd.,0,0,0,0,0,1,0,0
20140615,Far EasTone Telecommunications,0,0,0,0,0,1,0,0
20140615,Etihad Etisalat Company (Mobily),0,0,0,0,0,1,0,0
20140615,Escotel Mobile Communications Pvt Ltd.,0,0,0,0,0,1,0,0
20140615,Escorts Telecom Ltd.,0,0,0,0,0,1,0,0
20140615,China Mobile,0,0,0,0,0,1,0,0
20140615,Alfa,0,0,0,0,0,1,0,0
20140615,AT&T,0,0,0,0,0,1,0,0
20140615,AIS 3G,0,0,0,0,0,1,0,0
20140614,eMobile,4,0,0,0,4,6,0,0
20140614,dtac ,0,0,0,0,0,1,0,0
20140614,au,19,0,0,0,19,145,0,0
20140614,Vodafone - GB,1,0,0,0,1,2,0,0
20140614,Virgin Mobile,1,0,0,0,1,1,0,0
20140614,Viettel,0,0,0,0,0,1,0,0
20140614,UNKNOWN,27,0,0,0,27,116,0,0
20140614,Telefónica Móvil,0,0,0,0,0,1,0,0
20140614,TELCEL,0,0,0,0,0,2,0,0
20140614,TATA DOCOMO,0,0,0,0,0,1,0,0
20140614,T-Mobile - US,0,0,0,0,0,1,0,0
20140614,Sprint,0,0,0,0,0,1,0,0
20140614,SoftBank,14,1,1,0,14,94,1,1
20140614,Satelindo,0,0,0,0,0,1,0,0
20140614,SFR,0,0,0,0,0,1,0,0
20140614,Optus,0,0,0,0,0,1,0,0
20140614,Oman Mobile Telecommunications Company (Oman Mobile),0,0,0,0,0,1,0,0
20140614,NTT DOCOMO,40,0,0,0,39,323,0,0
20140614,Mobile Telephone Networks,0,0,0,0,0,1,0,0
20140614,MetroPCS,0,0,0,0,0,1,0,0
20140614,Irancell,0,0,0,0,0,1,0,0
20140614,Idea Cellular Ltd.,0,0,0,0,0,1,0,0
20140614,Far EasTone Telecommunications,0,0,0,0,0,1,0,0
20140614,Etihad Etisalat Company (Mobily),0,0,0,0,0,1,0,0
20140614,Escotel Mobile Communications Pvt Ltd.,0,0,0,0,0,1,0,0
20140614,Escorts Telecom Ltd.,0,0,0,0,0,1,0,0
20140614,China Mobile,0,0,0,0,0,1,0,0
20140614,Alfa,0,0,0,0,0,1,0,0
20140614,AT&T,0,0,0,0,0,1,0,0
20140614,AIS 3G,0,0,0,0,0,1,0,0
20140613,eMobile,4,0,0,0,4,6,0,0
20140613,dtac ,0,0,0,0,0,1,0,0
20140613,au,19,0,0,0,19,145,0,0
20140613,Vodafone - GB,1,0,0,0,1,2,0,0
20140613,Virgin Mobile,1,0,0,0,1,1,0,0
20140613,Viettel,0,0,0,0,0,1,0,0
20140613,UNKNOWN,26,0,0,0,26,114,0,0
20140613,Telefónica Móvil,0,0,0,0,0,1,0,0
20140613,TELCEL,0,0,0,0,0,2,0,0
20140613,TATA DOCOMO,0,0,0,0,0,1,0,0
20140613,T-Mobile - US,0,0,0,0,0,1,0,0
20140613,Sprint,0,0,0,0,0,1,0,0
20140613,SoftBank,14,0,0,0,14,93,0,0
20140613,Satelindo,0,0,0,0,0,1,0,0
20140613,SFR,0,0,0,0,0,1,0,0
20140613,Orascom Telecom,0,0,0,0,0,1,0,0
20140613,Optus,0,0,0,0,0,1,0,0
20140613,Oman Mobile Telecommunications Company (Oman Mobile),0,0,0,0,0,1,0,0
20140613,NTT DOCOMO,40,0,1,0,39,325,0,1
20140613,Mobile Telephone Networks,0,0,0,0,0,1,0,0
20140613,MetroPCS,0,0,0,0,0,1,0,0
20140613,Irancell,0,0,0,0,0,1,0,0
20140613,Idea Cellular Ltd.,0,0,0,0,0,1,0,0
20140613,Etihad Etisalat Company (Mobily),0,0,0,0,0,1,0,0
20140613,Escotel Mobile Communications Pvt Ltd.,0,0,0,0,0,1,0,0
20140613,Escorts Telecom Ltd.,0,0,0,0,0,1,0,0
20140613,China Mobile,0,0,0,0,0,1,0,0
20140613,Alfa,0,0,0,0,0,1,0,0
20140613,AT&T,0,0,0,0,0,1,0,0
20140613,AIS 3G,0,0,0,0,0,1,0,0
20140612,eMobile,4,0,0,0,4,6,0,0
20140612,dtac ,0,0,0,0,0,1,0,0
20140612,au,19,0,0,0,19,145,0,0
20140612,Vodafone - GB,1,0,0,0,1,2,0,0
20140612,Virgin Mobile,1,0,0,0,1,1,0,0
20140612,Viettel,0,0,0,0,0,1,0,0
20140612,UNKNOWN,27,1,0,0,27,114,1,0
20140612,Telefónica Móvil,0,0,0,0,0,1,0,0
20140612,TELCEL,0,0,0,0,0,2,0,0
20140612,TATA DOCOMO,0,0,0,0,0,1,0,0
20140612,T-Mobile - US,0,0,0,0,0,1,0,0
20140612,Sprint,0,0,0,0,0,1,0,0
20140612,SoftBank,14,0,0,0,14,93,0,0
20140612,Satelindo,0,0,0,0,0,1,0,0
20140612,SFR,0,0,0,0,0,1,0,0
20140612,Orascom Telecom,0,0,0,0,0,1,0,0
20140612,Optus,0,0,0,0,0,1,0,0
20140612,Oman Mobile Telecommunications Company (Oman Mobile),0,0,0,0,0,1,0,0
20140612,NTT DOCOMO,41,0,1,0,40,325,0,1
20140612,Mobile Telephone Networks,0,0,0,0,0,1,0,0
20140612,MetroPCS,0,0,0,0,0,1,0,0
20140612,Irancell,0,0,0,0,0,1,0,0
20140612,Idea Cellular Ltd.,0,0,0,0,0,1,0,0
20140612,Etihad Etisalat Company (Mobily),0,0,0,0,0,1,0,0
20140612,Escotel Mobile Communications Pvt Ltd.,0,0,0,0,0,1,0,0
20140612,Escorts Telecom Ltd.,0,0,0,0,0,1,0,0
20140612,China Mobile,0,0,0,0,0,1,0,0
20140612,Alfa,0,0,0,0,0,1,0,0
20140612,AT&T,0,0,0,0,0,1,0,0
20140612,AIS 3G,0,0,0,0,0,1,0,0
20140611,eMobile,4,0,0,0,4,6,0,0
20140611,dtac ,0,0,0,0,0,1,0,0
20140611,au,19,0,0,0,19,145,0,0
20140611,Vodafone - GB,1,0,0,0,1,2,0,0
20140611,Virgin Mobile,1,0,0,0,1,1,0,0
20140611,Viettel,0,0,0,0,0,1,0,0
20140611,UNKNOWN,26,0,0,0,26,112,0,0
20140611,Telefónica Móvil,0,0,0,0,0,1,0,0
20140611,TELCEL,0,0,0,0,0,2,0,0
20140611,TATA DOCOMO,0,0,0,0,0,1,0,0
20140611,T-Mobile - US,0,0,0,0,0,1,0,0
20140611,Sprint,0,0,0,0,0,1,0,0
20140611,SoftBank,14,0,0,0,14,94,0,0
20140611,Satelindo,0,0,0,0,0,1,0,0
20140611,SFR,0,0,0,0,0,1,0,0
20140611,Orascom Telecom,0,0,0,0,0,1,0,0
20140611,Optus,0,0,0,0,0,1,0,0
20140611,Oman Mobile Telecommunications Company (Oman Mobile),0,0,0,0,0,1,0,0
20140611,NTT DOCOMO,42,0,0,0,41,324,0,0
20140611,Mobile Telephone Networks,0,0,0,0,0,1,0,0
20140611,MetroPCS,0,0,0,0,0,1,0,0
20140611,Irancell,0,0,0,0,0,1,0,0
20140611,Idea Cellular Ltd.,0,0,0,0,0,1,0,0
20140611,Far EasTone Telecommunications,0,0,0,0,0,1,0,0
20140611,Etihad Etisalat Company (Mobily),0,0,0,0,0,1,0,0
20140611,Escotel Mobile Communications Pvt Ltd.,0,0,0,0,0,1,0,0
20140611,Escorts Telecom Ltd.,0,0,0,0,0,1,0,0
20140611,China Mobile,0,0,0,0,0,1,0,0
20140611,Alfa,0,0,0,0,0,1,0,0
20140611,AT&T,0,0,0,0,0,1,0,0
20140611,AIS 3G,0,0,0,0,0,1,0,0
20140610,eMobile,4,0,0,0,4,6,0,0
20140610,dtac ,0,0,0,0,0,1,0,0
20140610,au,19,0,1,0,19,145,0,1
20140610,Vodafone - GB,1,0,0,0,1,2,0,0
20140610,Virgin Mobile,1,0,0,0,1,1,0,0
20140610,Viettel,0,0,0,0,0,1,0,0
20140610,UNKNOWN,27,0,0,0,27,115,0,0
20140610,Telefónica Móvil,0,0,0,0,0,1,0,0
20140610,TELCEL,0,0,0,0,0,2,0,0
20140610,T-Mobile - US,0,0,0,0,0,1,0,0
20140610,Sprint,0,0,0,0,0,1,0,0
20140610,SoftBank,14,0,0,0,14,94,0,0
20140610,Satelindo,0,0,0,0,0,1,0,0
20140610,SFR,0,0,0,0,0,1,0,0
20140610,Orascom Telecom,0,1,1,0,0,1,1,1
20140610,Optus,0,0,0,0,0,1,0,0
20140610,Oman Mobile Telecommunications Company (Oman Mobile),0,0,0,0,0,1,0,0
20140610,NTT DOCOMO,41,0,0,0,40,323,0,0
20140610,Mobile Telephone Networks,0,0,0,0,0,1,0,0
20140610,MetroPCS,0,0,0,0,0,1,0,0
20140610,Irancell,0,0,0,0,0,1,0,0
20140610,Idea Cellular Ltd.,0,0,0,0,0,1,0,0
20140610,Etihad Etisalat Company (Mobily),0,0,0,0,0,1,0,0
20140610,Escotel Mobile Communications Pvt Ltd.,0,0,0,0,0,1,0,0
20140610,Escorts Telecom Ltd.,0,0,0,0,0,1,0,0
20140610,China Mobile,0,0,0,0,0,1,0,0
20140610,Alfa,0,0,0,0,0,1,0,0
20140610,AT&T,0,0,0,0,0,1,0,0
20140610,AIS 3G,0,0,0,0,0,1,0,0
20140609,eMobile,4,0,0,0,4,6,0,0
20140609,dtac ,0,0,0,0,0,1,0,0
20140609,au,20,0,0,0,20,144,0,0
20140609,Vodafone - GB,1,0,0,0,1,2,0,0
20140609,Virgin Mobile,1,0,0,0,1,1,0,0
20140609,Viettel,0,0,0,0,0,1,0,0
20140609,UNKNOWN,27,0,0,0,27,115,0,0
20140609,Telefónica Móvil,0,0,0,0,0,1,0,0
20140609,TELCEL,0,0,0,0,0,2,0,0
20140609,T-Mobile - US,0,0,0,0,0,1,0,0
20140609,Sprint,0,0,0,0,0,1,0,0
20140609,SoftBank,14,0,1,0,14,94,0,1
20140609,Satelindo,0,0,0,0,0,1,0,0
20140609,SFR,0,0,0,0,0,1,0,0
20140609,Optus,0,0,0,0,0,1,0,0
20140609,Oman Mobile Telecommunications Company (Oman Mobile),0,0,0,0,0,1,0,0
20140609,NTT DOCOMO,41,1,2,0,40,323,1,2
20140609,Mobile Telephone Networks,0,0,0,0,0,1,0,0
20140609,MetroPCS,0,0,0,0,0,1,0,0
20140609,Irancell,0,0,0,0,0,1,0,0
20140609,Idea Cellular Ltd.,0,0,0,0,0,1,0,0
20140609,Far EasTone Telecommunications,0,0,0,0,0,1,0,0
20140609,Etihad Etisalat Company (Mobily),0,0,0,0,0,1,0,0
20140609,Escotel Mobile Communications Pvt Ltd.,0,0,0,0,0,1,0,0
20140609,Escorts Telecom Ltd.,0,0,0,0,0,1,0,0
20140609,China Mobile,0,0,0,0,0,1,0,0
20140609,Alfa,0,0,0,0,0,1,0,0
20140609,AT&T,0,0,0,0,0,1,0,0
20140609,AIS 3G,0,0,0,0,0,1,0,0
20140608,eMobile,4,0,0,0,4,6,0,0
20140608,dtac ,0,0,0,0,0,1,0,0
20140608,au,20,1,1,0,20,144,1,1
20140608,Vodafone - GB,1,0,0,0,1,2,0,0
20140608,Virgin Mobile,1,0,0,0,1,1,0,0
20140608,Viettel,0,0,0,0,0,1,0,0
20140608,UNKNOWN,27,0,0,0,27,116,0,0
20140608,Telefónica Móvil,0,0,0,0,0,1,0,0
20140608,TELCEL,0,0,0,0,0,2,0,0
20140608,T-Mobile - US,0,0,0,0,0,1,0,0
20140608,Sprint,0,0,0,0,0,1,0,0
20140608,SoftBank,15,1,0,0,15,94,1,0
20140608,Satelindo,0,0,0,0,0,1,0,0
20140608,SFR,0,0,0,0,0,1,0,0
20140608,Optus,0,0,0,0,0,1,0,0
20140608,Oman Mobile Telecommunications Company (Oman Mobile),0,0,0,0,0,1,0,0
20140608,NTT DOCOMO,42,0,1,0,41,321,0,1
20140608,Mobile Telephone Networks,0,0,0,0,0,1,0,0
20140608,MetroPCS,0,0,0,0,0,1,0,0
20140608,Irancell,0,0,0,0,0,1,0,0
20140608,Idea Cellular Ltd.,0,0,0,0,0,1,0,0
20140608,Etihad Etisalat Company (Mobily),0,0,0,0,0,1,0,0
20140608,Escotel Mobile Communications Pvt Ltd.,0,0,0,0,0,1,0,0
20140608,Escorts Telecom Ltd.,0,0,0,0,0,1,0,0
20140608,ECC,0,0,0,0,0,1,0,0
20140608,China Mobile,0,0,0,0,0,1,0,0
20140608,Alfa,0,0,0,0,0,1,0,0
20140608,AT&T,0,0,0,0,0,1,0,0
20140608,AIS 3G,0,0,0,0,0,1,0,0
20140607,eMobile,4,0,0,0,4,6,0,0
20140607,dtac ,0,0,0,0,0,1,0,0
20140607,au,20,1,1,0,20,143,1,1
20140607,Vodafone - GB,1,0,0,0,1,2,0,0
20140607,Virgin Mobile,1,0,0,0,1,1,0,0
20140607,Viettel,0,0,0,0,0,1,0,0
20140607,UNKNOWN,27,0,0,0,27,116,0,0
20140607,Telefónica Móvil,0,0,0,0,0,1,0,0
20140607,TELCEL,0,0,0,0,0,2,0,0
20140607,T-Mobile - US,0,0,0,0,0,1,0,0
20140607,Sprint,0,0,0,0,0,1,0,0
20140607,SoftBank,14,0,0,0,14,92,0,0
20140607,Satelindo,0,0,0,0,0,1,0,0
20140607,SFR,0,0,0,0,0,1,0,0
20140607,Optus,0,0,0,0,0,1,0,0
20140607,Oman Mobile Telecommunications Company (Oman Mobile),0,0,0,0,0,1,0,0
20140607,NTT DOCOMO,43,2,2,0,42,321,2,2
20140607,Mobile Telephone Networks,0,0,0,0,0,1,0,0
20140607,MetroPCS,0,0,0,0,0,1,0,0
20140607,Irancell,0,0,0,0,0,1,0,0
20140607,Idea Cellular Ltd.,0,0,0,0,0,1,0,0
20140607,Far EasTone Telecommunications,0,0,0,0,0,1,0,0
20140607,Etihad Etisalat Company (Mobily),0,0,0,0,0,1,0,0
20140607,Escotel Mobile Communications Pvt Ltd.,0,0,0,0,0,1,0,0
20140607,Escorts Telecom Ltd.,0,0,0,0,0,1,0,0
20140607,ECC,0,0,0,0,0,1,0,0
20140607,China Mobile,0,0,0,0,0,1,0,0
20140607,Alfa,0,0,0,0,0,1,0,0
20140607,AT&T,0,0,0,0,0,1,0,0
20140607,AIS 3G,0,0,0,0,0,1,0,0
20140606,eMobile,4,0,0,0,4,6,0,0
20140606,dtac ,0,0,0,0,0,1,0,0
20140606,au,20,1,0,0,20,142,1,0
20140606,Vodafone - GB,1,0,0,0,1,2,0,0
20140606,Virgin Mobile,1,0,0,0,1,1,0,0
20140606,Viettel,0,0,0,0,0,1,0,0
20140606,UNKNOWN,27,0,0,0,27,117,0,0
20140606,Telefónica Móvil,0,0,0,0,0,1,0,0
20140606,TELCEL,0,0,0,0,0,2,0,0
20140606,T-Mobile - US,0,0,0,0,0,1,0,0
20140606,Sprint,0,0,0,0,0,1,0,0
20140606,SoftBank,14,0,0,0,14,93,0,0
20140606,Satelindo,0,0,0,0,0,1,0,0
20140606,SFR,0,0,0,0,0,1,0,0
20140606,Optus,0,0,0,0,0,1,0,0
20140606,Oman Mobile Telecommunications Company (Oman Mobile),0,0,0,0,0,1,0,0
20140606,NTT DOCOMO,42,1,0,0,41,319,1,0
20140606,Mobile Telephone Networks,0,0,0,0,0,1,0,0
20140606,MetroPCS,0,0,0,0,0,1,0,0
20140606,Irancell,0,0,0,0,0,1,0,0
20140606,Idea Cellular Ltd.,0,0,0,0,0,1,0,0
20140606,Etihad Etisalat Company (Mobily),0,0,0,0,0,1,0,0
20140606,Escotel Mobile Communications Pvt Ltd.,0,0,0,0,0,1,0,0
20140606,Escorts Telecom Ltd.,0,0,0,0,0,1,0,0
20140606,China Mobile,0,0,0,0,0,1,0,0
20140606,Alfa,0,0,0,0,0,1,0,0
20140606,AT&T,0,0,0,0,0,1,0,0
20140606,AIS 3G,0,0,0,0,0,1,0,0
20140605,eMobile,4,0,0,0,4,6,0,0
20140605,dtac ,0,0,0,0,0,1,0,0
20140605,au,19,0,0,0,19,141,0,0
20140605,Vodafone - GB,1,0,0,0,1,2,0,0
20140605,Virgin Mobile,1,0,0,0,1,1,0,0
20140605,Viettel,0,0,0,0,0,1,0,0
20140605,UNKNOWN,27,1,0,0,27,115,1,0
20140605,Telefónica Móvil,0,0,0,0,0,1,0,0
20140605,TELCEL,0,0,0,0,0,2,0,0
20140605,T-Mobile - US,0,0,0,0,0,1,0,0
20140605,Sprint,0,0,0,0,0,1,0,0
20140605,SoftBank,14,1,0,0,14,93,1,0
20140605,Satelindo,0,0,0,0,0,1,0,0
20140605,SFR,0,0,0,0,0,1,0,0
20140605,Optus,0,0,0,0,0,1,0,0
20140605,Oman Mobile Telecommunications Company (Oman Mobile),0,0,0,0,0,1,0,0
20140605,NTT DOCOMO,41,1,1,0,40,319,1,1
20140605,Mobile Telephone Networks,0,0,0,0,0,1,0,0
20140605,MetroPCS,0,0,0,0,0,1,0,0
20140605,Irancell,0,0,0,0,0,1,0,0
20140605,Idea Cellular Ltd.,0,0,0,0,0,1,0,0
20140605,Far EasTone Telecommunications,0,0,0,0,0,1,0,0
20140605,Etihad Etisalat Company (Mobily),0,0,0,0,0,1,0,0
20140605,Escotel Mobile Communications Pvt Ltd.,0,0,0,0,0,1,0,0
20140605,ECC,0,0,0,0,0,1,0,0
20140605,China Mobile,0,0,0,0,0,1,0,0
20140605,Alfa,0,0,0,0,0,1,0,0
20140605,AT&T,0,0,0,0,0,1,0,0
20140605,AIS 3G,0,0,0,0,0,1,0,0
20140604,eMobile,4,0,0,0,4,6,0,0
20140604,dtac ,0,0,0,0,0,1,0,0
20140604,au,19,0,0,0,19,141,0,0
20140604,Vodafone - GB,1,0,0,0,1,2,0,0
20140604,Virgin Mobile,1,0,0,0,1,1,0,0
20140604,Viettel,0,0,0,0,0,1,0,0
20140604,UNKNOWN,26,0,0,0,26,114,0,0
20140604,Telefónica Móvil,0,0,0,0,0,1,0,0
20140604,TELCEL,0,0,0,0,0,2,0,0
20140604,T-Mobile - US,0,0,0,0,0,1,0,0
20140604,Sprint,0,0,0,0,0,1,0,0
20140604,SoftBank,13,0,0,0,13,92,0,0
20140604,Satelindo,0,0,0,0,0,1,0,0
20140604,SFR,0,0,0,0,0,1,0,0
20140604,Optus,0,0,0,0,0,1,0,0
20140604,Oman Mobile Telecommunications Company (Oman Mobile),0,0,0,0,0,1,0,0
20140604,NTT DOCOMO,41,3,2,0,40,318,3,2
20140604,Mobile Telephone Networks,0,0,0,0,0,1,0,0
20140604,MetroPCS,0,0,0,0,0,1,0,0
20140604,Irancell,0,0,0,0,0,1,0,0
20140604,Idea Cellular Ltd.,0,0,0,0,0,1,0,0
20140604,Etihad Etisalat Company (Mobily),0,0,0,0,0,1,0,0
20140604,Escotel Mobile Communications Pvt Ltd.,0,0,0,0,0,1,0,0
20140604,Escorts Telecom Ltd.,0,0,0,0,0,1,0,0
20140604,ECC,0,0,0,0,0,1,0,0
20140604,China Mobile,0,0,0,0,0,1,0,0
20140604,Alfa,0,0,0,0,0,1,0,0
20140604,AT&T,0,0,0,0,0,1,0,0
20140604,AIS 3G,0,0,0,0,0,1,0,0
20140603,eMobile,4,0,0,0,4,6,0,0
20140603,dtac ,0,0,0,0,0,1,0,0
20140603,au,19,1,1,0,19,141,1,1
20140603,Vodafone - GB,1,0,0,0,1,2,0,0
20140603,Virgin Mobile,1,0,0,0,1,1,0,0
20140603,Viettel,0,0,0,0,0,1,0,0
20140603,UNKNOWN,26,1,1,0,25,113,1,1
20140603,Telefónica Móvil,0,0,0,0,0,1,0,0
20140603,TELCEL,0,0,0,0,0,2,0,0
20140603,T-Mobile - US,0,0,0,0,0,1,0,0
20140603,Sprint,0,0,0,0,0,1,0,0
20140603,SoftBank,13,0,0,0,13,91,0,0
20140603,Satelindo,0,0,0,0,0,1,0,0
20140603,SFR,0,0,0,0,0,1,0,0
20140603,Optus,0,0,0,0,0,1,0,0
20140603,Oman Mobile Telecommunications Company (Oman Mobile),0,0,0,0,0,1,0,0
20140603,NTT DOCOMO,41,0,0,0,40,317,0,0
20140603,Mobile Telephone Networks,0,0,0,0,0,1,0,0
20140603,MetroPCS,0,0,0,0,0,1,0,0
20140603,Irancell,0,0,0,0,0,1,0,0
20140603,Idea Cellular Ltd.,0,0,0,0,0,1,0,0
20140603,Far EasTone Telecommunications,0,0,0,0,0,1,0,0
20140603,Etihad Etisalat Company (Mobily),0,0,0,0,0,1,0,0
20140603,Escotel Mobile Communications Pvt Ltd.,0,0,0,0,0,1,0,0
20140603,Escorts Telecom Ltd.,0,0,0,0,0,1,0,0
20140603,China Mobile,0,0,0,0,0,1,0,0
20140603,Alfa,0,0,0,0,0,1,0,0
20140603,AT&T,0,0,0,0,0,1,0,0
20140603,AIS 3G,0,0,0,0,0,1,0,0
20140602,eMobile,4,0,0,0,4,6,0,0
20140602,dtac ,0,0,0,0,0,1,0,0
20140602,au,19,1,1,0,19,140,1,1
20140602,Vodafone - GB,1,0,0,0,1,2,0,0
20140602,Virgin Mobile,1,0,0,0,1,1,0,0
20140602,Viettel,0,0,0,0,0,1,0,0
20140602,UNKNOWN,26,0,0,0,26,112,0,0
20140602,Telefónica Móvil,0,0,0,0,0,1,0,0
20140602,TELCEL,0,0,0,0,0,2,0,0
20140602,T-Mobile - US,0,0,0,0,0,1,0,0
20140602,Sprint,0,0,0,0,0,1,0,0
20140602,SoftBank,13,0,0,0,13,92,0,0
20140602,Satelindo,0,0,0,0,0,1,0,0
20140602,SFR,0,0,0,0,0,1,0,0
20140602,Optus,0,0,0,0,0,1,0,0
20140602,Oman Mobile Telecommunications Company (Oman Mobile),0,0,0,0,0,1,0,0
20140602,NTT DOCOMO,40,1,2,0,39,316,1,2
20140602,Mobile Telephone Networks,0,0,0,0,0,1,0,0
20140602,MetroPCS,0,0,0,0,0,1,0,0
20140602,Irancell,0,0,0,0,0,1,0,0
20140602,Idea Cellular Ltd.,0,0,0,0,0,1,0,0
20140602,Far EasTone Telecommunications,0,0,0,0,0,1,0,0
20140602,Etihad Etisalat Company (Mobily),0,0,0,0,0,1,0,0
20140602,Escotel Mobile Communications Pvt Ltd.,0,0,0,0,0,1,0,0
20140602,Escorts Telecom Ltd.,0,0,0,0,0,1,0,0
20140602,China Mobile,0,0,0,0,0,1,0,0
20140602,Alfa,0,0,0,0,0,1,0,0
20140602,AT&T,0,0,0,0,0,1,0,0
20140602,AIS 3G,0,0,0,0,0,1,0,0
20140601,eMobile,4,1,0,0,4,6,1,0
20140601,dtac ,0,0,0,0,0,1,0,0
20140601,au,19,0,0,0,19,139,0,0
20140601,Vodafone - GB,1,0,0,0,1,2,0,0
20140601,Virgin Mobile,1,0,0,0,1,1,0,0
20140601,Viettel,0,0,0,0,0,1,0,0
20140601,UNKNOWN,26,0,0,0,25,111,0,0
20140601,Telefónica Móvil,0,0,0,0,0,1,0,0
20140601,TELCEL,0,0,0,0,0,2,0,0
20140601,T-Mobile - US,0,0,0,0,0,1,0,0
20140601,Sprint,0,0,0,0,0,1,0,0
20140601,SoftBank,13,0,0,0,13,92,0,0
20140601,Satelindo,0,0,0,0,0,1,0,0
20140601,SFR,0,0,0,0,0,1,0,0
20140601,Optus,0,0,0,0,0,1,0,0
20140601,Oman Mobile Telecommunications Company (Oman Mobile),0,0,0,0,0,1,0,0
20140601,NTT DOCOMO,42,1,1,0,41,316,1,1
20140601,Mobile Telephone Networks,0,0,0,0,0,1,0,0
20140601,MetroPCS,0,0,0,0,0,1,0,0
20140601,Irancell,0,0,0,0,0,1,0,0
20140601,Idea Cellular Ltd.,0,0,0,0,0,1,0,0
20140601,Far EasTone Telecommunications,0,0,0,0,0,1,0,0
20140601,Etihad Etisalat Company (Mobily),0,0,0,0,0,1,0,0
20140601,Escotel Mobile Communications Pvt Ltd.,0,0,0,0,0,1,0,0
20140601,Escorts Telecom Ltd.,0,0,0,0,0,1,0,0
20140601,China Mobile,0,0,0,0,0,1,0,0
20140601,Alfa,0,0,0,0,0,1,0,0
20140601,AT&T,0,0,0,0,0,1,0,0
20140601,AIS 3G,0,0,0,0,0,1,0,0
20140531,eMobile,3,0,0,0,3,5,0,0
20140531,dtac ,0,0,0,0,0,1,0,0
20140531,au,19,0,0,0,19,140,0,0
20140531,Vodafone - GB,1,0,0,0,1,2,0,0
20140531,Virgin Mobile,1,0,0,0,1,1,0,0
20140531,Viettel,0,0,0,0,0,1,0,0
20140531,UNKNOWN,26,0,0,0,26,110,0,0
20140531,Telefónica Móvil,0,0,0,0,0,1,0,0
20140531,TELCEL,0,0,0,0,0,2,0,0
20140531,T-Mobile - US,0,0,0,0,0,1,0,0
20140531,Sprint,0,0,0,0,0,1,0,0
20140531,SoftBank,13,0,0,0,13,92,0,0
20140531,Satelindo,0,0,0,0,0,1,0,0
20140531,SFR,0,0,0,0,0,1,0,0
20140531,Optus,0,0,0,0,0,1,0,0
20140531,Oman Mobile Telecommunications Company (Oman Mobile),0,0,0,0,0,1,0,0
20140531,NTT DOCOMO,41,1,0,1,40,314,0,0
20140531,Mobile Telephone Networks,0,0,0,0,0,1,0,0
20140531,MetroPCS,0,0,0,0,0,1,0,0
20140531,Irancell,0,0,0,0,0,1,0,0
20140531,Idea Cellular Ltd.,0,0,0,0,0,1,0,0
20140531,Far EasTone Telecommunications,0,0,0,0,0,1,0,0
20140531,Etihad Etisalat Company (Mobily),0,0,0,0,0,1,0,0
20140531,Escotel Mobile Communications Pvt Ltd.,0,0,0,0,0,1,0,0
20140531,Escorts Telecom Ltd.,0,0,0,0,0,1,0,0
20140531,ECC,0,0,0,0,0,1,0,0
20140531,China Mobile,0,0,0,0,0,1,0,0
20140531,Alfa,0,0,0,0,0,1,0,0
20140531,AT&T,0,0,0,0,0,1,0,0
20140531,AIS 3G,0,0,0,0,0,1,0,0
20140530,eMobile,3,0,0,0,3,5,0,0
20140530,dtac ,0,0,0,0,0,1,0,0
20140530,au,19,1,1,0,19,140,1,1
20140530,Vodafone - GB,1,0,0,0,1,2,0,0
20140530,Virgin Mobile,1,0,0,0,1,1,0,0
20140530,Viettel,0,0,0,0,0,1,0,0
20140530,UNKNOWN,26,1,1,0,26,110,1,1
20140530,Telefónica Móvil,0,0,0,0,0,1,0,0
20140530,TELCEL,0,0,0,0,0,2,0,0
20140530,T-Mobile - US,0,0,0,0,0,1,0,0
20140530,Sprint,0,0,0,0,0,1,0,0
20140530,SoftBank,13,0,0,0,13,93,0,0
20140530,Satelindo,0,0,0,0,0,1,0,0
20140530,SFR,0,0,0,0,0,1,0,0
20140530,Optus,0,0,0,0,0,1,0,0
20140530,Oman Mobile Telecommunications Company (Oman Mobile),0,0,0,0,0,1,0,0
20140530,NTT DOCOMO,40,1,0,0,40,313,1,0
20140530,Mobile Telephone Networks,0,0,0,0,0,1,0,0
20140530,MetroPCS,0,0,0,0,0,1,0,0
20140530,Irancell,0,0,0,0,0,1,0,0
20140530,Idea Cellular Ltd.,0,0,0,0,0,1,0,0
20140530,Far EasTone Telecommunications,0,0,0,0,0,1,0,0
20140530,Etihad Etisalat Company (Mobily),0,0,0,0,0,1,0,0
20140530,Escotel Mobile Communications Pvt Ltd.,0,0,0,0,0,1,0,0
20140530,Escorts Telecom Ltd.,0,0,0,0,0,1,0,0
20140530,ECC,0,0,0,0,0,1,0,0
20140530,China Mobile,0,0,0,0,0,1,0,0
20140530,Alfa,0,0,0,0,0,1,0,0
20140530,AT&T,0,0,0,0,0,1,0,0
20140530,AIS 3G,0,0,0,0,0,1,0,0
20140529,eMobile,3,0,0,0,3,5,0,0
20140529,dtac ,0,0,0,0,0,1,0,0
20140529,au,19,1,1,0,19,138,1,1
20140529,Vodafone - GB,1,0,0,0,1,2,0,0
20140529,Virgin Mobile,1,0,0,0,1,1,0,0
20140529,Viettel,0,0,0,0,0,1,0,0
20140529,UNKNOWN,26,0,0,0,26,110,0,0
20140529,Telefónica Móvil,0,0,0,0,0,1,0,0
20140529,TELCEL,0,0,0,0,0,2,0,0
20140529,T-Mobile - US,0,0,0,0,0,1,0,0
20140529,Sprint,0,0,0,0,0,1,0,0
20140529,SoftBank,13,0,0,0,13,93,0,0
20140529,Satelindo,0,0,0,0,0,1,0,0
20140529,SFR,0,0,0,0,0,1,0,0
20140529,Optus,0,0,0,0,0,1,0,0
20140529,Oman Mobile Telecommunications Company (Oman Mobile),0,0,0,0,0,1,0,0
20140529,NTT DOCOMO,39,1,2,0,39,312,1,2
20140529,Mobile Telephone Networks,0,0,0,0,0,1,0,0
20140529,MetroPCS,0,0,0,0,0,1,0,0
20140529,Irancell,0,0,0,0,0,1,0,0
20140529,Idea Cellular Ltd.,0,0,0,0,0,1,0,0
20140529,Far EasTone Telecommunications,0,0,0,0,0,1,0,0
20140529,Etihad Etisalat Company (Mobily),0,0,0,0,0,1,0,0
20140529,Escotel Mobile Communications Pvt Ltd.,0,0,0,0,0,1,0,0
20140529,Escorts Telecom Ltd.,0,0,0,0,0,1,0,0
20140529,ECC,0,0,0,0,0,1,0,0
20140529,China Mobile,0,0,0,0,0,1,0,0
20140529,Alfa,0,0,0,0,0,1,0,0
20140529,AT&T,0,0,0,0,0,1,0,0
20140529,AIS 3G,0,0,0,0,0,1,0,0
20140528,eMobile,3,0,0,0,3,5,0,0
20140528,dtac ,0,0,0,0,0,1,0,0
20140528,au,19,1,0,0,19,137,1,0
20140528,Vodafone - GB,1,0,0,0,1,2,0,0
20140528,Virgin Mobile,1,0,0,0,1,1,0,0
20140528,Viettel,0,0,0,0,0,1,0,0
20140528,UNKNOWN,26,1,1,0,26,110,1,1
20140528,Telefónica Móvil,0,0,0,0,0,1,0,0
20140528,TELCEL,0,0,0,0,0,2,0,0
20140528,T-Mobile - US,0,0,0,0,0,1,0,0
20140528,Sprint,0,0,0,0,0,1,0,0
20140528,SoftBank,13,0,0,0,13,93,0,0
20140528,Satelindo,0,0,0,0,0,1,0,0
20140528,SFR,0,0,0,0,0,1,0,0
20140528,Optus,0,0,0,0,0,1,0,0
20140528,Oman Mobile Telecommunications Company (Oman Mobile),0,0,0,0,0,1,0,0
20140528,NTT DOCOMO,39,1,2,0,39,311,1,2
20140528,Mobile Telephone Networks,0,0,0,0,0,1,0,0
20140528,MetroPCS,0,0,0,0,0,1,0,0
20140528,Irancell,0,0,0,0,0,1,0,0
20140528,Idea Cellular Ltd.,0,0,0,0,0,1,0,0
20140528,Far EasTone Telecommunications,0,0,0,0,0,1,0,0
20140528,Etihad Etisalat Company (Mobily),0,0,0,0,0,1,0,0
20140528,Escotel Mobile Communications Pvt Ltd.,0,0,0,0,0,1,0,0
20140528,Escorts Telecom Ltd.,0,0,0,0,0,1,0,0
20140528,ECC,0,0,0,0,0,1,0,0
20140528,China Mobile,0,0,0,0,0,1,0,0
20140528,Alfa,0,0,0,0,0,1,0,0
20140528,AT&T,0,0,0,0,0,1,0,0
20140528,AIS 3G,0,0,0,0,0,1,0,0
20140527,eMobile,3,0,0,0,3,5,0,0
20140527,dtac ,0,0,0,0,0,1,0,0
20140527,au,18,1,1,0,18,136,1,1
20140527,Vodafone - GB,1,0,0,0,1,2,0,0
20140527,Virgin Mobile,1,0,0,0,1,1,0,0
20140527,Viettel,0,0,0,0,0,1,0,0
20140527,UNKNOWN,26,0,1,0,26,108,0,1
20140527,Telefónica Móvil,0,0,0,0,0,1,0,0
20140527,TELCEL,0,0,0,0,0,2,0,0
20140527,T-Mobile - US,0,0,0,0,0,1,0,0
20140527,Sprint,0,0,0,0,0,1,0,0
20140527,SoftBank,13,0,0,0,13,93,0,0
20140527,Satelindo,0,0,0,0,0,1,0,0
20140527,SFR,0,0,0,0,0,1,0,0
20140527,Optus,0,0,0,0,0,1,0,0
20140527,Oman Mobile Telecommunications Company (Oman Mobile),0,0,0,0,0,1,0,0
20140527,NTT DOCOMO,40,0,0,0,40,311,0,0
20140527,Mobile Telephone Networks,0,0,0,0,0,1,0,0
20140527,MetroPCS,0,0,0,0,0,1,0,0
20140527,Irancell,0,0,0,0,0,1,0,0
20140527,Idea Cellular Ltd.,0,0,0,0,0,1,0,0
20140527,Far EasTone Telecommunications,0,0,0,0,0,1,0,0
20140527,Etihad Etisalat Company (Mobily),0,0,0,0,0,1,0,0
20140527,Escotel Mobile Communications Pvt Ltd.,0,0,0,0,0,1,0,0
20140527,Escorts Telecom Ltd.,0,0,0,0,0,1,0,0
20140527,ECC,0,0,0,0,0,1,0,0
20140527,China Mobile,0,0,0,0,0,1,0,0
20140527,Alfa,0,0,0,0,0,1,0,0
20140527,AT&T,0,0,0,0,0,1,0,0
20140527,AIS 3G,0,0,0,0,0,1,0,0
20140526,eMobile,3,0,0,0,3,5,0,0
20140526,dtac ,0,0,0,0,0,1,0,0
20140526,au,18,1,1,0,18,136,1,1
20140526,Vodafone - GB,1,0,0,0,1,2,0,0
20140526,Virgin Mobile,1,0,0,0,1,1,0,0
20140526,Viettel,0,0,0,0,0,1,0,0
20140526,UNKNOWN,27,0,1,0,27,107,0,1
20140526,Telefónica Móvil,0,0,0,0,0,1,0,0
20140526,TELCEL,0,0,0,0,0,2,0,0
20140526,T-Mobile - US,0,0,0,0,0,1,0,0
20140526,Sprint,0,0,0,0,0,1,0,0
20140526,SoftBank,14,1,2,0,14,93,1,2
20140526,Satelindo,0,0,0,0,0,1,0,0
20140526,SFR,0,0,0,0,0,1,0,0
20140526,Optus,0,0,0,0,0,1,0,0
20140526,Oman Mobile Telecommunications Company (Oman Mobile),0,0,0,0,0,1,0,0
20140526,NTT DOCOMO,40,0,0,0,40,311,0,0
20140526,Mobile Telephone Networks,0,0,0,0,0,1,0,0
20140526,MetroPCS,0,0,0,0,0,1,0,0
20140526,Irancell,0,0,0,0,0,1,0,0
20140526,Idea Cellular Ltd.,0,0,0,0,0,1,0,0
20140526,Far EasTone Telecommunications,0,0,0,0,0,1,0,0
20140526,Etihad Etisalat Company (Mobily),0,0,0,0,0,1,0,0
20140526,Escotel Mobile Communications Pvt Ltd.,0,0,0,0,0,1,0,0
20140526,Escorts Telecom Ltd.,0,0,0,0,0,1,0,0
20140526,ECC,0,0,0,0,0,1,0,0
20140526,China Mobile,0,0,0,0,0,1,0,0
20140526,Alfa,0,0,0,0,0,1,0,0
20140526,AT&T,0,0,0,0,0,1,0,0
20140526,AIS 3G,0,0,0,0,0,1,0,0
20140525,eMobile,3,0,0,0,3,5,0,0
20140525,dtac ,0,0,0,0,0,1,0,0
20140525,au,18,0,0,0,18,135,0,0
20140525,Vodafone - GB,1,0,0,0,1,2,0,0
20140525,Virgin Mobile,1,0,0,0,1,1,0,0
20140525,Viettel,0,0,0,0,0,1,0,0
20140525,UNKNOWN,28,0,0,0,28,108,0,0
20140525,Telefónica Móvil,0,0,0,0,0,1,0,0
20140525,TELCEL,0,0,0,0,0,2,0,0
20140525,T-Mobile - US,0,0,0,0,0,1,0,0
20140525,Sprint,0,0,0,0,0,1,0,0
20140525,SoftBank,15,0,0,0,15,92,0,0
20140525,Satelindo,0,0,0,0,0,1,0,0
20140525,SFR,0,0,0,0,0,1,0,0
20140525,Optus,0,0,0,0,0,1,0,0
20140525,Oman Mobile Telecommunications Company (Oman Mobile),0,0,0,0,0,1,0,0
20140525,NTT DOCOMO,40,1,1,0,40,310,1,1
20140525,Mobile Telephone Networks,0,0,0,0,0,1,0,0
20140525,MetroPCS,0,0,0,0,0,1,0,0
20140525,Irancell,0,0,0,0,0,1,0,0
20140525,Idea Cellular Ltd.,0,0,0,0,0,1,0,0
20140525,Far EasTone Telecommunications,0,0,0,0,0,1,0,0
20140525,Etihad Etisalat Company (Mobily),0,0,0,0,0,1,0,0
20140525,Escotel Mobile Communications Pvt Ltd.,0,0,0,0,0,1,0,0
20140525,Escorts Telecom Ltd.,0,0,0,0,0,1,0,0
20140525,ECC,0,0,0,0,0,1,0,0
20140525,China Mobile,0,0,0,0,0,1,0,0
20140525,Alfa,0,0,0,0,0,1,0,0
20140525,AT&T,0,0,0,0,0,1,0,0
20140525,AIS 3G,0,0,0,0,0,1,0,0
20140524,eMobile,3,0,0,0,3,5,0,0
20140524,dtac ,0,0,0,0,0,1,0,0
20140524,au,18,1,1,0,18,135,1,1
20140524,Vodafone - GB,1,0,0,0,1,2,0,0
20140524,Virgin Mobile,1,0,0,0,1,1,0,0
20140524,Viettel,0,0,0,0,0,1,0,0
20140524,UNKNOWN,28,1,0,0,28,110,1,0
20140524,Telefónica Móvil,0,0,0,0,0,1,0,0
20140524,TELCEL,0,0,0,0,0,2,0,0
20140524,T-Mobile - US,0,0,0,0,0,1,0,0
20140524,Sprint,0,0,0,0,0,1,0,0
20140524,SoftBank,15,0,0,0,15,91,0,0
20140524,Satelindo,0,0,0,0,0,1,0,0
20140524,SFR,0,0,0,0,0,1,0,0
20140524,Optus,0,0,0,0,0,1,0,0
20140524,Oman Mobile Telecommunications Company (Oman Mobile),0,0,0,0,0,1,0,0
20140524,NTT DOCOMO,40,1,1,0,40,308,1,1
20140524,Mobile Telephone Networks,0,0,0,0,0,1,0,0
20140524,MetroPCS,0,0,0,0,0,1,0,0
20140524,Irancell,0,0,0,0,0,1,0,0
20140524,Idea Cellular Ltd.,0,0,0,0,0,1,0,0
20140524,Far EasTone Telecommunications,0,0,0,0,0,1,0,0
20140524,Etihad Etisalat Company (Mobily),0,0,0,0,0,1,0,0
20140524,Escotel Mobile Communications Pvt Ltd.,0,0,0,0,0,1,0,0
20140524,Escorts Telecom Ltd.,0,0,0,0,0,1,0,0
20140524,ECC,0,0,0,0,0,1,0,0
20140524,China Mobile,0,0,0,0,0,1,0,0
20140524,Alfa,0,0,0,0,0,1,0,0
20140524,AT&T,0,0,0,0,0,1,0,0
20140524,AIS 3G,0,0,0,0,0,1,0,0
20140523,eMobile,3,0,0,0,3,5,0,0
20140523,dtac ,0,0,0,0,0,1,0,0
20140523,au,18,0,0,0,18,135,0,0
20140523,Vodafone - GB,1,0,0,0,1,2,0,0
20140523,Virgin Mobile,1,0,0,0,1,1,0,0
20140523,Viettel,0,0,0,0,0,1,0,0
20140523,UNKNOWN,27,2,1,0,27,106,2,1
20140523,Telefónica Móvil,0,0,0,0,0,1,0,0
20140523,TELCEL,0,0,0,0,0,2,0,0
20140523,T-Mobile - US,0,0,0,0,0,1,0,0
20140523,Sprint,0,0,0,0,0,1,0,0
20140523,SoftBank,15,1,0,0,15,92,1,0
20140523,Satelindo,0,0,0,0,0,1,0,0
20140523,SFR,0,0,0,0,0,1,0,0
20140523,Optus,0,0,0,0,0,1,0,0
20140523,Oman Mobile Telecommunications Company (Oman Mobile),0,0,0,0,0,1,0,0
20140523,NTT DOCOMO,40,0,0,0,40,309,0,0
20140523,Mobile Telephone Networks,0,0,0,0,0,1,0,0
20140523,MetroPCS,0,0,0,0,0,1,0,0
20140523,Irancell,0,0,0,0,0,1,0,0
20140523,Idea Cellular Ltd.,0,0,0,0,0,1,0,0
20140523,Far EasTone Telecommunications,0,0,0,0,0,1,0,0
20140523,Etihad Etisalat Company (Mobily),0,0,0,0,0,1,0,0
20140523,Escotel Mobile Communications Pvt Ltd.,0,0,0,0,0,1,0,0
20140523,Escorts Telecom Ltd.,0,0,0,0,0,1,0,0
20140523,China Mobile,0,0,0,0,0,1,0,0
20140523,Alfa,0,0,0,0,0,1,0,0
20140523,AT&T,0,0,0,0,0,1,0,0
20140523,AIS 3G,0,0,0,0,0,1,0,0
20140522,eMobile,3,0,0,0,3,5,0,0
20140522,dtac ,0,0,0,0,0,1,0,0
20140522,au,18,0,0,0,18,135,0,0
20140522,Vodafone - GB,1,0,0,0,1,2,0,0
20140522,Virgin Mobile,1,0,0,0,1,1,0,0
20140522,Viettel,0,0,0,0,0,1,0,0
20140522,UNKNOWN,26,1,1,0,26,105,1,1
20140522,Telefónica Móvil,0,0,0,0,0,1,0,0
20140522,TELCEL,0,0,0,0,0,2,0,0
20140522,T-Mobile - US,0,0,0,0,0,1,0,0
20140522,Sprint,0,0,0,0,0,1,0,0
20140522,SoftBank,14,0,0,0,14,91,0,0
20140522,Satelindo,0,0,0,0,0,1,0,0
20140522,SFR,0,0,0,0,0,1,0,0
20140522,Optus,0,0,0,0,0,1,0,0
20140522,Oman Mobile Telecommunications Company (Oman Mobile),0,0,0,0,0,1,0,0
20140522,NTT DOCOMO,40,0,0,0,40,308,0,0
20140522,Mobile Telephone Networks,0,0,0,0,0,1,0,0
20140522,MetroPCS,0,0,0,0,0,1,0,0
20140522,Irancell,0,0,0,0,0,1,0,0
20140522,Idea Cellular Ltd.,0,0,0,0,0,1,0,0
20140522,Far EasTone Telecommunications,0,0,0,0,0,1,0,0
20140522,Etihad Etisalat Company (Mobily),0,0,0,0,0,1,0,0
20140522,Escotel Mobile Communications Pvt Ltd.,0,0,0,0,0,1,0,0
20140522,Escorts Telecom Ltd.,0,0,0,0,0,1,0,0
20140522,China Mobile,0,0,0,0,0,1,0,0
20140522,Alfa,0,0,0,0,0,1,0,0
20140522,AT&T,0,0,0,0,0,1,0,0
20140522,AIS 3G,0,0,0,0,0,1,0,0
20140521,eMobile,3,0,0,0,3,5,0,0
20140521,dtac ,0,0,0,0,0,1,0,0
20140521,au,18,1,1,0,18,135,1,1
20140521,Vodafone - GB,1,0,0,0,1,2,0,0
20140521,Virgin Mobile,1,0,0,0,1,1,0,0
20140521,Viettel,0,0,0,0,0,1,0,0
20140521,UNKNOWN,27,1,1,0,27,104,1,1
20140521,Telefónica Móvil,0,0,0,0,0,1,0,0
20140521,TELCEL,0,0,0,0,0,2,0,0
20140521,T-Mobile - US,0,0,0,0,0,1,0,0
20140521,Sprint,0,0,0,0,0,1,0,0
20140521,SoftBank,14,1,0,0,14,91,1,0
20140521,Satelindo,0,0,0,0,0,1,0,0
20140521,SFR,0,0,0,0,0,1,0,0
20140521,Optus,0,0,0,0,0,1,0,0
20140521,Oman Mobile Telecommunications Company (Oman Mobile),0,0,0,0,0,1,0,0
20140521,NTT DOCOMO,40,0,0,0,40,308,0,0
20140521,Mobile Telephone Networks,0,0,0,0,0,1,0,0
20140521,MetroPCS,0,0,0,0,0,1,0,0
20140521,Irancell,0,0,0,0,0,1,0,0
20140521,Idea Cellular Ltd.,0,0,0,0,0,1,0,0
20140521,Far EasTone Telecommunications,0,0,0,0,0,1,0,0
20140521,Etihad Etisalat Company (Mobily),0,0,0,0,0,1,0,0
20140521,Escotel Mobile Communications Pvt Ltd.,0,0,0,0,0,1,0,0
20140521,Escorts Telecom Ltd.,0,0,0,0,0,1,0,0
20140521,China Mobile,0,0,0,0,0,1,0,0
20140521,Alfa,0,0,0,0,0,1,0,0
20140521,AT&T,0,0,0,0,0,1,0,0
20140521,AIS 3G,0,0,0,0,0,1,0,0
20140520,eMobile,3,0,0,0,3,5,0,0
20140520,dtac ,0,0,0,0,0,1,0,0
20140520,au,17,0,0,0,17,132,0,0
20140520,Vodafone - GB,1,0,0,0,1,2,0,0
20140520,Virgin Mobile,1,0,0,0,1,1,0,0
20140520,Viettel,0,0,0,0,0,1,0,0
20140520,UNKNOWN,27,2,2,0,26,105,2,2
20140520,Telefónica Móvil,0,0,0,0,0,1,0,0
20140520,TELCEL,0,0,0,0,0,2,0,0
20140520,T-Mobile - US,0,0,0,0,0,1,0,0
20140520,Sprint,0,0,0,0,0,1,0,0
20140520,SoftBank,13,0,0,0,13,90,0,0
20140520,Satelindo,0,0,0,0,0,1,0,0
20140520,SFR,0,0,0,0,0,1,0,0
20140520,Optus,0,0,0,0,0,1,0,0
20140520,Oman Mobile Telecommunications Company (Oman Mobile),0,0,0,0,0,1,0,0
20140520,NTT DOCOMO,41,2,3,0,41,309,2,3
20140520,Mobile Telephone Networks,0,0,0,0,0,1,0,0
20140520,MetroPCS,0,0,0,0,0,1,0,0
20140520,Idea Cellular Ltd.,0,0,0,0,0,1,0,0
20140520,Far EasTone Telecommunications,0,0,0,0,0,1,0,0
20140520,Etihad Etisalat Company (Mobily),0,0,0,0,0,1,0,0
20140520,Escotel Mobile Communications Pvt Ltd.,0,0,0,0,0,1,0,0
20140520,Escorts Telecom Ltd.,0,0,0,0,0,1,0,0
20140520,China Mobile,0,0,0,0,0,1,0,0
20140520,Alfa,0,0,0,0,0,1,0,0
20140520,AT&T,0,0,0,0,0,1,0,0
20140520,AIS 3G,0,0,0,0,0,1,0,0
20140519,eMobile,3,0,0,0,3,5,0,0
20140519,dtac Trinet,0,0,0,0,0,1,0,0
20140519,au,17,0,0,0,17,132,0,0
20140519,Vodafone - GB,1,0,0,0,1,2,0,0
20140519,Virgin Mobile,1,0,0,0,1,1,0,0
20140519,Viettel,0,0,0,0,0,1,0,0
20140519,UNKNOWN,27,0,0,0,27,104,0,0
20140519,Telefónica Móvil,0,0,0,0,0,1,0,0
20140519,TELCEL,0,0,0,0,0,2,0,0
20140519,T-Mobile - US,0,0,0,0,0,1,0,0
20140519,Sprint,0,0,0,0,0,1,0,0
20140519,SoftBank,13,0,0,0,13,90,0,0
20140519,Satelindo,0,0,0,0,0,1,0,0
20140519,SFR,0,0,0,0,0,1,0,0
20140519,Optus,0,0,0,0,0,1,0,0
20140519,Oman Mobile Telecommunications Company (Oman Mobile),0,0,0,0,0,1,0,0
20140519,NTT DOCOMO,40,0,1,0,40,306,0,1
20140519,Mobile Telephone Networks,0,0,0,0,0,1,0,0
20140519,MetroPCS,0,0,0,0,0,1,0,0
20140519,Idea Cellular Ltd.,0,0,0,0,0,1,0,0
20140519,Far EasTone Telecommunications,0,0,0,0,0,1,0,0
20140519,Etihad Etisalat Company (Mobily),0,0,0,0,0,1,0,0
20140519,Escotel Mobile Communications Pvt Ltd.,0,0,0,0,0,1,0,0
20140519,Escorts Telecom Ltd.,0,0,0,0,0,1,0,0
20140519,China Mobile,0,0,0,0,0,1,0,0
20140519,Alfa,0,0,0,0,0,1,0,0
20140519,AT&T,0,0,0,0,0,1,0,0
20140519,AIS 3G,0,0,0,0,0,1,0,0
20140518,eMobile,3,0,0,0,3,5,0,0
20140518,dtac Trinet,0,0,0,0,0,1,0,0
20140518,au,18,0,0,0,18,133,0,0
20140518,Vodafone - GB,1,0,0,0,1,2,0,0
20140518,Virgin Mobile,1,0,0,0,1,1,0,0
20140518,Viettel,0,0,0,0,0,1,0,0
20140518,UNKNOWN,26,0,0,0,26,103,0,0
20140518,Telefónica Móvil,0,0,0,0,0,1,0,0
20140518,TELCEL,0,0,0,0,0,2,0,0
20140518,T-Mobile - US,0,0,0,0,0,1,0,0
20140518,Sprint,0,0,0,0,0,1,0,0
20140518,SoftBank,13,0,1,0,13,90,0,1
20140518,Satelindo,0,0,0,0,0,1,0,0
20140518,SFR,0,0,0,0,0,1,0,0
20140518,Optus,0,0,0,0,0,1,0,0
20140518,Oman Mobile Telecommunications Company (Oman Mobile),0,0,0,0,0,1,0,0
20140518,NTT DOCOMO,41,1,1,0,41,306,1,1
20140518,Mobile Telephone Networks,0,0,0,0,0,1,0,0
20140518,MetroPCS,0,0,0,0,0,1,0,0
20140518,Idea Cellular Ltd.,0,0,0,0,0,1,0,0
20140518,Far EasTone Telecommunications,0,0,0,0,0,1,0,0
20140518,Etihad Etisalat Company (Mobily),0,0,0,0,0,1,0,0
20140518,Escotel Mobile Communications Pvt Ltd.,1,0,0,0,1,1,0,0
20140518,Escorts Telecom Ltd.,0,0,0,0,0,1,0,0
20140518,China Mobile,0,0,0,0,0,1,0,0
20140518,Alfa,0,0,0,0,0,1,0,0
20140518,AT&T,0,0,0,0,0,1,0,0
20140518,AIS 3G,0,0,0,0,0,1,0,0
20140517,eMobile,3,0,0,0,3,5,0,0
20140517,dtac Trinet,0,0,0,0,0,1,0,0
20140517,au,18,0,0,0,18,132,0,0
20140517,Vodafone - GB,1,0,0,0,1,2,0,0
20140517,Virgin Mobile,1,0,0,0,1,1,0,0
20140517,Viettel,0,0,0,0,0,1,0,0
20140517,UNKNOWN,26,0,0,0,26,104,0,0
20140517,Telefónica Móvil,0,0,0,0,0,1,0,0
20140517,TELCEL,0,0,0,0,0,2,0,0
20140517,T-Mobile - US,0,0,0,0,0,1,0,0
20140517,Sprint,0,0,0,0,0,1,0,0
20140517,SoftBank,14,0,0,0,14,90,0,0
20140517,Satelindo,0,0,0,0,0,1,0,0
20140517,SFR,0,0,0,0,0,1,0,0
20140517,Optus,0,0,0,0,0,1,0,0
20140517,Oman Mobile Telecommunications Company (Oman Mobile),0,0,0,0,0,1,0,0
20140517,NTT DOCOMO,41,0,0,0,41,304,0,0
20140517,Mobile Telephone Networks,0,0,0,0,0,1,0,0
20140517,MetroPCS,0,0,0,0,0,1,0,0
20140517,Idea Cellular Ltd.,0,0,0,0,0,1,0,0
20140517,Far EasTone Telecommunications,0,0,0,0,0,1,0,0
20140517,Etihad Etisalat Company (Mobily),0,0,0,0,0,1,0,0
20140517,Escotel Mobile Communications Pvt Ltd.,1,0,0,0,1,1,0,0
20140517,Escorts Telecom Ltd.,0,0,0,0,0,1,0,0
20140517,ECC,0,0,0,0,0,1,0,0
20140517,China Mobile,0,0,0,0,0,1,0,0
20140517,Alfa,0,0,0,0,0,1,0,0
20140517,AT&T,0,0,0,0,0,1,0,0
20140517,AIS 3G,0,0,0,0,0,1,0,0
